claimId,label_pred
pomt-00006,mostly false
pomt-00018,mostly false
pomt-00025,mostly false
pomt-00027,mostly true
pomt-00030,mostly false
pomt-00031,false
pomt-00033,false
pomt-00038,mostly false
pomt-00041,mostly false
pomt-00046,mostly false
pomt-00048,mostly false
pomt-00049,false
pomt-00051,pants on fire!
pomt-00065,false
pomt-00072,pants on fire!
pomt-00073,false
pomt-00078,mostly false
pomt-00079,mostly false
pomt-00089,mostly false
pomt-00090,mostly false
pomt-00092,mostly false
pomt-00094,mostly true
pomt-00098,false
pomt-00099,pants on fire!
pomt-00108,mostly false
pomt-00110,mostly false
pomt-00112,mostly false
pomt-00115,mostly false
pomt-00119,mostly false
pomt-00128,mostly false
pomt-00129,mostly false
pomt-00140,mostly true
pomt-00142,mostly false
pomt-00152,false
pomt-00162,false
pomt-00164,mostly true
pomt-00167,false
pomt-00172,false
pomt-00174,mostly false
pomt-00177,mostly false
pomt-00179,mostly false
pomt-00181,false
pomt-00183,mostly false
pomt-00189,mostly false
pomt-00192,mostly false
pomt-00198,false
pomt-00203,false
pomt-00212,mostly true
pomt-00216,mostly false
pomt-00224,mostly false
pomt-00232,pants on fire!
pomt-00238,mostly false
pomt-00251,pants on fire!
pomt-00257,mostly false
pomt-00258,mostly true
pomt-00263,false
pomt-00265,false
pomt-00268,mostly true
pomt-00276,false
pomt-00290,mostly false
pomt-00297,pants on fire!
pomt-00311,mostly false
pomt-00322,false
pomt-00327,mostly true
pomt-00328,pants on fire!
pomt-00329,mostly false
pomt-00333,mostly false
pomt-00335,mostly false
pomt-00336,mostly false
pomt-00337,false
pomt-00348,false
pomt-00349,mostly false
pomt-00360,mostly false
pomt-00362,mostly false
pomt-00379,mostly false
pomt-00395,mostly false
pomt-00399,half-true
pomt-00405,false
pomt-00409,mostly true
pomt-00412,mostly false
pomt-00425,pants on fire!
pomt-00426,mostly true
pomt-00428,mostly false
pomt-00430,mostly true
pomt-00432,mostly false
pomt-00444,mostly false
pomt-00446,mostly true
pomt-00451,mostly false
pomt-00462,pants on fire!
pomt-00463,mostly false
pomt-00465,mostly false
pomt-00467,mostly true
pomt-00475,false
pomt-00489,mostly true
pomt-00491,mostly true
pomt-00493,mostly false
pomt-00511,pants on fire!
pomt-00513,false
pomt-00524,mostly false
pomt-00530,mostly false
pomt-00533,mostly true
pomt-00537,mostly false
pomt-00539,mostly false
pomt-00540,mostly false
pomt-00543,pants on fire!
pomt-00554,mostly true
pomt-00569,mostly false
pomt-00572,mostly false
pomt-00581,mostly true
pomt-00587,mostly false
pomt-00595,mostly false
pomt-00600,mostly false
pomt-00607,mostly false
pomt-00608,mostly false
pomt-00610,mostly false
pomt-00612,mostly true
pomt-00616,mostly true
pomt-00627,mostly false
pomt-00628,mostly false
pomt-00650,mostly true
pomt-00653,mostly true
pomt-00659,false
pomt-00661,mostly true
pomt-00663,mostly false
pomt-00668,mostly false
pomt-00669,mostly false
pomt-00670,mostly false
pomt-00676,mostly false
pomt-00677,false
pomt-00680,mostly true
pomt-00689,mostly false
pomt-00694,mostly false
pomt-00703,mostly false
pomt-00705,false
pomt-00720,false
pomt-00729,false
pomt-00747,mostly false
pomt-00760,mostly false
pomt-00761,mostly false
pomt-00765,false
pomt-00767,mostly false
pomt-00769,mostly false
pomt-00770,mostly false
pomt-00781,mostly false
pomt-00787,mostly true
pomt-00793,false
pomt-00797,mostly false
pomt-00798,mostly false
pomt-00804,mostly false
pomt-00805,mostly true
pomt-00809,false
pomt-00812,mostly false
pomt-00818,mostly false
pomt-00824,mostly false
pomt-00833,false
pomt-00835,mostly true
pomt-00844,mostly false
pomt-00847,mostly true
pomt-00850,false
pomt-00856,mostly true
pomt-00861,false
pomt-00873,mostly false
pomt-00874,mostly false
pomt-00875,mostly true
pomt-00881,false
pomt-00882,mostly false
pomt-00894,false
pomt-00898,mostly false
pomt-00902,mostly true
pomt-00911,mostly false
pomt-00912,mostly true
pomt-00923,pants on fire!
pomt-00924,mostly false
pomt-00931,mostly false
pomt-00936,mostly false
pomt-00940,false
pomt-00949,mostly true
pomt-00950,pants on fire!
pomt-00952,mostly false
pomt-00963,mostly false
pomt-00965,mostly true
pomt-00969,mostly false
pomt-00971,mostly true
pomt-00975,mostly true
pomt-00978,mostly false
pomt-00983,mostly false
pomt-00990,mostly false
pomt-00991,false
pomt-00994,mostly false
pomt-00997,mostly false
pomt-01000,mostly false
pomt-01010,mostly true
pomt-01020,mostly false
pomt-01024,mostly false
pomt-01026,mostly false
pomt-01033,mostly true
pomt-01038,false
pomt-01052,mostly true
pomt-01054,false
pomt-01057,mostly true
pomt-01059,mostly false
pomt-01076,mostly false
pomt-01088,mostly false
pomt-01100,mostly false
pomt-01114,false
pomt-01118,mostly false
pomt-01123,mostly false
pomt-01126,mostly true
pomt-01131,false
pomt-01132,false
pomt-01136,mostly false
pomt-01141,half-true
pomt-01145,mostly false
pomt-01157,mostly false
pomt-01162,false
pomt-01164,mostly true
pomt-01178,mostly true
pomt-01184,mostly true
pomt-01186,false
pomt-01190,mostly false
pomt-01194,mostly false
pomt-01199,mostly false
pomt-01200,mostly false
pomt-01201,mostly true
pomt-01205,mostly true
pomt-01213,mostly true
pomt-01217,mostly false
pomt-01219,mostly false
pomt-01223,mostly false
pomt-01228,false
pomt-01235,mostly false
pomt-01237,mostly true
pomt-01238,mostly false
pomt-01241,true
pomt-01242,mostly false
pomt-01243,mostly true
pomt-01247,mostly false
pomt-01261,mostly false
pomt-01262,mostly false
pomt-01266,mostly false
pomt-01280,mostly true
pomt-01282,mostly false
pomt-01293,mostly false
pomt-01295,mostly false
pomt-01310,false
pomt-01312,false
pomt-01314,mostly false
pomt-01332,mostly true
pomt-01340,false
pomt-01341,false
pomt-01343,mostly true
pomt-01352,mostly false
pomt-01353,mostly true
pomt-01367,mostly true
pomt-01373,mostly false
pomt-01376,mostly false
pomt-01379,mostly false
pomt-01384,mostly false
pomt-01385,mostly false
pomt-01387,mostly true
pomt-01401,mostly true
pomt-01405,mostly false
pomt-01413,mostly false
pomt-01425,mostly false
pomt-01428,false
pomt-01430,mostly false
pomt-01431,mostly false
pomt-01436,mostly true
pomt-01448,true
pomt-01462,pants on fire!
pomt-01473,mostly false
pomt-01476,pants on fire!
pomt-01482,mostly false
pomt-01491,false
pomt-01496,mostly false
pomt-01498,mostly false
pomt-01502,mostly false
pomt-01504,mostly false
pomt-01510,pants on fire!
pomt-01511,mostly false
pomt-01513,mostly true
pomt-01519,mostly false
pomt-01521,mostly false
pomt-01522,mostly true
pomt-01524,pants on fire!
pomt-01531,mostly false
pomt-01539,false
pomt-01543,mostly true
pomt-01547,mostly false
pomt-01556,mostly false
pomt-01557,mostly false
pomt-01561,mostly false
pomt-01572,false
pomt-01578,mostly false
pomt-01580,mostly false
pomt-01583,mostly false
pomt-01584,false
pomt-01585,false
pomt-01587,mostly false
pomt-01590,mostly false
pomt-01594,false
pomt-01601,mostly false
pomt-01604,pants on fire!
pomt-01631,mostly true
pomt-01636,mostly false
pomt-01654,false
pomt-01660,mostly true
pomt-01665,mostly false
pomt-01671,mostly false
pomt-01673,mostly true
pomt-01674,false
pomt-01682,false
pomt-01683,mostly false
pomt-01686,mostly false
pomt-01696,mostly false
pomt-01700,mostly true
pomt-01702,mostly false
pomt-01703,false
pomt-01711,false
pomt-01715,mostly true
pomt-01719,mostly true
pomt-01730,mostly false
pomt-01740,mostly true
pomt-01745,mostly false
pomt-01747,mostly false
pomt-01751,mostly false
pomt-01762,mostly false
pomt-01764,mostly false
pomt-01765,true
pomt-01772,mostly false
pomt-01773,mostly true
pomt-01775,mostly false
pomt-01776,mostly false
pomt-01778,mostly false
pomt-01780,mostly false
pomt-01793,mostly false
pomt-01801,false
pomt-01803,mostly false
pomt-01804,mostly true
pomt-01808,mostly true
pomt-01809,mostly false
pomt-01816,mostly false
pomt-01817,false
pomt-01823,mostly true
pomt-01838,mostly false
pomt-01841,mostly true
pomt-01843,pants on fire!
pomt-01846,mostly false
pomt-01851,mostly false
pomt-01865,mostly false
pomt-01869,mostly true
pomt-01875,false
pomt-01877,mostly false
pomt-01878,pants on fire!
pomt-01891,mostly true
pomt-01904,mostly false
pomt-01909,mostly false
pomt-01914,mostly false
pomt-01918,mostly false
pomt-01921,mostly false
pomt-01925,mostly false
pomt-01928,false
pomt-01929,mostly false
pomt-01930,mostly false
pomt-01937,mostly false
pomt-01943,mostly false
pomt-01950,mostly false
pomt-01957,false
pomt-01968,mostly false
pomt-01978,mostly false
pomt-01979,mostly false
pomt-01987,false
pomt-01990,mostly false
pomt-01999,mostly false
pomt-02000,mostly false
pomt-02005,mostly true
pomt-02006,pants on fire!
pomt-02007,mostly false
pomt-02009,mostly false
pomt-02010,mostly false
pomt-02015,mostly false
pomt-02029,mostly true
pomt-02041,false
pomt-02045,false
pomt-02049,mostly false
pomt-02055,false
pomt-02056,mostly false
pomt-02067,false
pomt-02074,mostly true
pomt-02076,mostly false
pomt-02078,false
pomt-02086,mostly false
pomt-02108,mostly false
pomt-02118,false
pomt-02133,mostly false
pomt-02137,false
pomt-02157,pants on fire!
pomt-02165,pants on fire!
pomt-02170,false
pomt-02175,mostly true
pomt-02176,mostly false
pomt-02181,false
pomt-02184,mostly true
pomt-02187,mostly true
pomt-02189,mostly false
pomt-02196,false
pomt-02198,mostly true
pomt-02202,mostly false
pomt-02212,mostly false
pomt-02217,mostly false
pomt-02218,mostly true
pomt-02221,mostly false
pomt-02222,mostly false
pomt-02228,mostly true
pomt-02233,mostly false
pomt-02241,mostly true
pomt-02242,mostly false
pomt-02251,false
pomt-02255,mostly false
pomt-02257,mostly false
pomt-02263,mostly false
pomt-02273,mostly false
pomt-02281,mostly false
pomt-02282,false
pomt-02290,mostly false
pomt-02306,false
pomt-02308,false
pomt-02312,mostly false
pomt-02314,mostly false
pomt-02320,pants on fire!
pomt-02322,false
pomt-02331,mostly true
pomt-02338,mostly false
pomt-02341,mostly false
pomt-02350,mostly false
pomt-02353,false
pomt-02356,mostly true
pomt-02357,mostly false
pomt-02359,false
pomt-02364,mostly false
pomt-02367,mostly false
pomt-02377,false
pomt-02381,mostly false
pomt-02388,false
pomt-02390,mostly false
pomt-02394,mostly true
pomt-02399,mostly false
pomt-02403,mostly false
pomt-02410,mostly true
pomt-02412,false
pomt-02414,mostly false
pomt-02422,mostly true
pomt-02436,mostly false
pomt-02437,mostly false
pomt-02439,mostly false
pomt-02448,mostly false
pomt-02449,pants on fire!
pomt-02453,mostly false
pomt-02454,mostly true
pomt-02458,mostly false
pomt-02459,false
pomt-02461,mostly false
pomt-02464,mostly false
pomt-02467,mostly false
pomt-02486,false
pomt-02490,mostly false
pomt-02494,mostly false
pomt-02501,mostly false
pomt-02506,pants on fire!
pomt-02509,mostly false
pomt-02511,false
pomt-02512,mostly false
pomt-02535,mostly false
pomt-02553,mostly false
pomt-02567,mostly false
pomt-02568,mostly true
pomt-02572,mostly false
pomt-02584,mostly false
pomt-02598,mostly true
pomt-02602,false
pomt-02621,mostly false
pomt-02637,mostly false
pomt-02638,false
pomt-02644,mostly false
pomt-02646,mostly false
pomt-02650,mostly false
pomt-02651,false
pomt-02652,mostly false
pomt-02657,mostly false
pomt-02663,mostly true
pomt-02671,mostly false
pomt-02676,mostly true
pomt-02680,false
pomt-02681,mostly false
pomt-02683,mostly false
pomt-02692,mostly false
pomt-02696,mostly false
pomt-02699,mostly false
pomt-02702,mostly true
pomt-02704,mostly true
pomt-02705,mostly false
pomt-02708,mostly false
pomt-02710,mostly false
pomt-02722,false
pomt-02724,mostly true
pomt-02725,mostly false
pomt-02731,mostly false
pomt-02748,mostly false
pomt-02753,false
pomt-02756,mostly true
pomt-02760,false
pomt-02765,mostly false
pomt-02776,mostly true
pomt-02781,mostly true
pomt-02788,mostly true
pomt-02792,half-true
pomt-02795,mostly true
pomt-02796,mostly false
pomt-02797,false
pomt-02799,mostly false
pomt-02809,mostly true
pomt-02817,false
pomt-02821,mostly false
pomt-02826,mostly false
pomt-02838,mostly true
pomt-02840,mostly false
pomt-02843,false
pomt-02846,mostly false
pomt-02848,false
pomt-02853,mostly false
pomt-02854,mostly true
pomt-02860,mostly false
pomt-02869,false
pomt-02879,mostly false
pomt-02880,mostly false
pomt-02885,mostly false
pomt-02890,half-true
pomt-02892,mostly false
pomt-02893,mostly false
pomt-02894,mostly false
pomt-02898,mostly false
pomt-02901,mostly true
pomt-02905,mostly false
pomt-02916,mostly false
pomt-02917,mostly false
pomt-02924,false
pomt-02925,mostly false
pomt-02951,pants on fire!
pomt-02952,false
pomt-02955,false
pomt-02958,mostly false
pomt-02960,mostly false
pomt-02962,mostly false
pomt-02964,false
pomt-02981,mostly false
pomt-02983,false
pomt-02991,mostly false
pomt-02992,mostly false
pomt-03001,mostly false
pomt-03005,mostly false
pomt-03038,mostly false
pomt-03045,mostly true
pomt-03047,mostly true
pomt-03050,mostly false
pomt-03051,mostly false
pomt-03052,mostly true
pomt-03059,mostly false
pomt-03067,mostly false
pomt-03080,mostly false
pomt-03083,false
pomt-03086,mostly true
pomt-03088,mostly false
pomt-03101,mostly true
pomt-03112,half-true
pomt-03113,mostly false
pomt-03116,pants on fire!
pomt-03127,mostly false
pomt-03133,mostly true
pomt-03139,mostly false
pomt-03142,false
pomt-03145,mostly false
pomt-03149,mostly true
pomt-03150,half-true
pomt-03173,false
pomt-03174,mostly true
pomt-03180,mostly false
pomt-03183,mostly false
pomt-03186,pants on fire!
pomt-03195,mostly false
pomt-03212,mostly false
pomt-03213,mostly false
pomt-03217,false
pomt-03228,pants on fire!
pomt-03229,mostly true
pomt-03233,mostly false
pomt-03237,mostly false
pomt-03239,mostly false
pomt-03246,mostly false
pomt-03265,mostly false
pomt-03269,mostly false
pomt-03277,pants on fire!
pomt-03283,false
pomt-03297,mostly false
pomt-03309,mostly false
pomt-03311,mostly false
pomt-03312,mostly true
pomt-03333,mostly false
pomt-03336,mostly false
pomt-03339,mostly false
pomt-03352,mostly true
pomt-03357,pants on fire!
pomt-03360,mostly false
pomt-03368,mostly true
pomt-03373,mostly true
pomt-03374,mostly false
pomt-03404,false
pomt-03405,mostly true
pomt-03407,mostly false
pomt-03424,mostly false
pomt-03433,mostly true
pomt-03440,mostly false
pomt-03442,mostly false
pomt-03447,mostly true
pomt-03449,mostly false
pomt-03455,mostly true
pomt-03464,mostly false
pomt-03468,mostly false
pomt-03470,mostly false
pomt-03471,mostly false
pomt-03474,mostly false
pomt-03475,mostly false
pomt-03478,mostly false
pomt-03479,mostly false
pomt-03490,pants on fire!
pomt-03492,mostly false
pomt-03495,mostly true
pomt-03498,false
pomt-03502,mostly false
pomt-03503,mostly false
pomt-03512,half-true
pomt-03516,mostly false
pomt-03527,mostly false
pomt-03531,mostly false
pomt-03534,mostly true
pomt-03539,mostly false
pomt-03551,mostly false
pomt-03560,mostly false
pomt-03561,mostly false
pomt-03564,mostly false
pomt-03567,half-true
pomt-03570,mostly false
pomt-03572,mostly false
pomt-03573,half-true
pomt-03576,mostly true
pomt-03581,mostly true
pomt-03588,mostly false
pomt-03600,pants on fire!
pomt-03601,mostly false
pomt-03604,mostly false
pomt-03606,mostly true
pomt-03614,mostly false
pomt-03623,mostly true
pomt-03634,mostly false
pomt-03636,false
pomt-03655,mostly false
pomt-03657,mostly false
pomt-03661,mostly true
pomt-03663,mostly false
pomt-03666,mostly true
pomt-03676,mostly false
pomt-03678,mostly false
pomt-03680,mostly false
pomt-03682,mostly false
pomt-03690,mostly false
pomt-03704,mostly true
pomt-03707,false
pomt-03712,mostly false
pomt-03713,true
pomt-03727,mostly false
pomt-03728,mostly false
pomt-03744,mostly false
pomt-03747,mostly false
pomt-03748,mostly false
pomt-03751,mostly false
pomt-03756,mostly false
pomt-03763,mostly false
pomt-03773,mostly true
pomt-03797,mostly true
pomt-03803,mostly true
pomt-03804,false
pomt-03815,mostly false
pomt-03816,false
pomt-03817,mostly true
pomt-03818,pants on fire!
pomt-03826,mostly false
pomt-03829,mostly false
pomt-03836,mostly false
pomt-03843,false
pomt-03851,mostly true
pomt-03855,false
pomt-03859,mostly false
pomt-03864,false
pomt-03866,mostly false
pomt-03868,mostly false
pomt-03877,mostly false
pomt-03883,mostly false
pomt-03887,false
pomt-03895,mostly false
pomt-03909,mostly false
pomt-03918,false
pomt-03920,mostly false
pomt-03922,pants on fire!
pomt-03927,mostly false
pomt-03929,mostly false
pomt-03937,mostly false
pomt-03942,mostly true
pomt-03950,mostly false
pomt-03957,mostly false
pomt-03958,false
pomt-03965,mostly false
pomt-03971,mostly false
pomt-03978,mostly true
pomt-03983,mostly true
pomt-03992,mostly false
pomt-03997,mostly true
pomt-04000,mostly false
pomt-04024,mostly false
pomt-04031,mostly true
pomt-04038,mostly false
pomt-04040,false
pomt-04042,mostly false
pomt-04048,mostly true
pomt-04049,mostly false
pomt-04068,mostly true
pomt-04071,false
pomt-04073,false
pomt-04075,false
pomt-04076,half-true
pomt-04083,mostly true
pomt-04088,mostly false
pomt-04090,mostly false
pomt-04092,mostly true
pomt-04103,false
pomt-04109,mostly false
pomt-04112,false
pomt-04119,mostly true
pomt-04121,mostly false
pomt-04122,mostly false
pomt-04127,mostly false
pomt-04149,mostly true
pomt-04159,mostly true
pomt-04160,mostly false
pomt-04164,mostly false
pomt-04169,mostly false
pomt-04173,pants on fire!
pomt-04177,mostly false
pomt-04182,mostly true
pomt-04184,mostly false
pomt-04187,mostly false
pomt-04218,mostly true
pomt-04231,mostly true
pomt-04233,mostly true
pomt-04236,false
pomt-04238,mostly false
pomt-04239,mostly true
pomt-04243,mostly false
pomt-04246,mostly false
pomt-04251,mostly false
pomt-04269,mostly false
pomt-04272,mostly false
pomt-04279,mostly false
pomt-04283,pants on fire!
pomt-04292,mostly false
pomt-04298,false
pomt-04301,mostly false
pomt-04302,mostly true
pomt-04303,false
pomt-04305,mostly true
pomt-04316,mostly false
pomt-04319,mostly false
pomt-04341,false
pomt-04352,mostly false
pomt-04357,mostly false
pomt-04361,false
pomt-04365,mostly false
pomt-04369,mostly false
pomt-04372,pants on fire!
pomt-04375,mostly true
pomt-04376,pants on fire!
pomt-04377,mostly false
pomt-04388,true
pomt-04393,mostly false
pomt-04394,pants on fire!
pomt-04398,mostly false
pomt-04405,mostly false
pomt-04417,mostly true
pomt-04419,mostly false
pomt-04427,mostly false
pomt-04429,mostly false
pomt-04441,false
pomt-04447,pants on fire!
pomt-04448,mostly false
pomt-04449,false
pomt-04454,mostly false
pomt-04459,mostly true
pomt-04470,mostly false
pomt-04476,mostly false
pomt-04480,mostly false
pomt-04481,mostly false
pomt-04486,mostly true
pomt-04496,false
pomt-04502,mostly false
pomt-04515,mostly true
pomt-04525,mostly true
pomt-04543,false
pomt-04544,mostly false
pomt-04549,mostly true
pomt-04557,mostly false
pomt-04558,false
pomt-04560,false
pomt-04572,mostly false
pomt-04573,mostly false
pomt-04574,mostly false
pomt-04575,mostly false
pomt-04577,mostly true
pomt-04590,mostly false
pomt-04596,mostly true
pomt-04597,false
pomt-04604,false
pomt-04614,half-true
pomt-04621,mostly false
pomt-04644,mostly false
pomt-04648,pants on fire!
pomt-04658,mostly true
pomt-04667,false
pomt-04670,mostly false
pomt-04671,mostly false
pomt-04672,mostly true
pomt-04690,mostly false
pomt-04694,mostly false
pomt-04701,mostly false
pomt-04710,mostly false
pomt-04714,mostly false
pomt-04729,mostly false
pomt-04736,false
pomt-04745,mostly false
pomt-04747,mostly false
pomt-04748,mostly false
pomt-04750,mostly false
pomt-04751,mostly false
pomt-04752,mostly false
pomt-04769,mostly false
pomt-04794,mostly false
pomt-04795,mostly true
pomt-04805,mostly false
pomt-04806,mostly true
pomt-04814,half-true
pomt-04816,false
pomt-04826,pants on fire!
pomt-04831,mostly false
pomt-04833,pants on fire!
pomt-04836,mostly false
pomt-04857,true
pomt-04859,mostly false
pomt-04865,mostly false
pomt-04866,false
pomt-04873,mostly false
pomt-04875,false
pomt-04880,mostly true
pomt-04884,mostly false
pomt-04896,mostly false
pomt-04898,false
pomt-04900,mostly false
pomt-04903,mostly false
pomt-04908,false
pomt-04913,mostly false
pomt-04920,mostly false
pomt-04921,false
pomt-04933,mostly false
pomt-04935,mostly false
pomt-04940,mostly false
pomt-04944,mostly true
pomt-04960,false
pomt-04961,mostly false
pomt-04968,mostly false
pomt-04974,mostly true
pomt-04994,mostly false
pomt-04999,false
pomt-05004,mostly true
pomt-05023,mostly false
pomt-05025,mostly false
pomt-05027,mostly false
pomt-05028,mostly false
pomt-05031,mostly false
pomt-05038,false
pomt-05043,false
pomt-05045,mostly false
pomt-05050,mostly false
pomt-05052,mostly false
pomt-05058,mostly true
pomt-05063,mostly false
pomt-05088,mostly false
pomt-05092,mostly true
pomt-05100,mostly true
pomt-05104,false
pomt-05105,pants on fire!
pomt-05106,mostly false
pomt-05109,false
pomt-05115,mostly false
pomt-05122,mostly true
pomt-05123,false
pomt-05124,mostly false
pomt-05131,mostly false
pomt-05134,mostly true
pomt-05136,mostly false
pomt-05147,false
pomt-05148,mostly false
pomt-05152,false
pomt-05153,mostly false
pomt-05157,pants on fire!
pomt-05158,mostly false
pomt-05160,mostly false
pomt-05166,false
pomt-05168,mostly false
pomt-05170,mostly false
pomt-05174,mostly false
pomt-05179,mostly true
pomt-05182,false
pomt-05183,mostly false
pomt-05185,mostly false
pomt-05186,false
pomt-05188,mostly false
pomt-05194,false
pomt-05201,pants on fire!
pomt-05202,mostly false
pomt-05212,mostly false
pomt-05214,mostly false
pomt-05226,mostly true
pomt-05228,true
pomt-05230,false
pomt-05233,mostly false
pomt-05238,false
pomt-05241,mostly false
pomt-05242,mostly false
pomt-05252,false
pomt-05253,mostly true
pomt-05254,mostly false
pomt-05257,mostly false
pomt-05263,mostly false
pomt-05264,mostly false
pomt-05270,mostly false
pomt-05279,false
pomt-05292,mostly true
pomt-05308,mostly false
pomt-05310,false
pomt-05314,mostly false
pomt-05323,false
pomt-05333,false
pomt-05334,mostly false
pomt-05338,mostly true
pomt-05344,false
pomt-05347,mostly false
pomt-05350,mostly false
pomt-05352,mostly false
pomt-05361,false
pomt-05362,mostly false
pomt-05364,mostly true
pomt-05372,false
pomt-05374,mostly false
pomt-05389,mostly false
pomt-05395,mostly false
pomt-05396,mostly false
pomt-05411,pants on fire!
pomt-05414,mostly false
pomt-05421,mostly false
pomt-05429,mostly false
pomt-05431,mostly false
pomt-05435,mostly false
pomt-05438,mostly false
pomt-05441,half-true
pomt-05444,mostly false
pomt-05471,mostly false
pomt-05478,mostly false
pomt-05479,mostly false
pomt-05480,mostly false
pomt-05485,mostly false
pomt-05489,false
pomt-05493,mostly false
pomt-05495,mostly true
pomt-05520,mostly false
pomt-05522,false
pomt-05527,mostly false
pomt-05538,false
pomt-05544,false
pomt-05546,mostly false
pomt-05548,mostly false
pomt-05560,false
pomt-05561,false
pomt-05573,mostly false
pomt-05574,mostly false
pomt-05576,mostly false
pomt-05584,mostly false
pomt-05585,mostly false
pomt-05605,mostly false
pomt-05608,false
pomt-05609,mostly false
pomt-05613,mostly false
pomt-05632,mostly false
pomt-05636,mostly false
pomt-05644,mostly true
pomt-05653,mostly true
pomt-05660,mostly false
pomt-05668,mostly false
pomt-05671,mostly false
pomt-05683,mostly true
pomt-05700,mostly false
pomt-05703,mostly false
pomt-05704,false
pomt-05728,mostly false
pomt-05741,false
pomt-05748,mostly false
pomt-05749,false
pomt-05751,mostly false
pomt-05759,mostly false
pomt-05763,false
pomt-05776,mostly true
pomt-05778,mostly false
pomt-05779,mostly false
pomt-05780,mostly false
pomt-05781,mostly true
pomt-05787,mostly false
pomt-05790,mostly false
pomt-05795,false
pomt-05796,mostly false
pomt-05801,mostly false
pomt-05825,mostly false
pomt-05834,mostly false
pomt-05837,mostly false
pomt-05848,mostly false
pomt-05869,mostly true
pomt-05879,false
pomt-05880,mostly true
pomt-05887,mostly false
pomt-05891,mostly false
pomt-05907,mostly true
pomt-05908,mostly false
pomt-05912,mostly false
pomt-05926,mostly false
pomt-05929,mostly false
pomt-05935,false
pomt-05940,mostly false
pomt-05943,mostly true
pomt-05946,mostly false
pomt-05954,mostly false
pomt-05957,mostly true
pomt-05962,mostly true
pomt-05964,false
pomt-05967,mostly false
pomt-05968,mostly true
pomt-05969,mostly false
pomt-05975,mostly false
pomt-05976,mostly true
pomt-05981,mostly true
pomt-05983,mostly false
pomt-05986,mostly false
pomt-05987,false
pomt-05989,mostly false
pomt-05990,mostly false
pomt-06012,false
pomt-06014,mostly false
pomt-06019,mostly false
pomt-06023,mostly false
pomt-06027,false
pomt-06034,false
pomt-06037,mostly false
pomt-06039,pants on fire!
pomt-06042,mostly false
pomt-06050,mostly false
pomt-06053,false
pomt-06067,mostly true
pomt-06070,mostly true
pomt-06074,mostly false
pomt-06081,mostly false
pomt-06094,mostly false
pomt-06100,true
pomt-06102,mostly false
pomt-06107,false
pomt-06123,half-true
pomt-06125,mostly true
pomt-06126,mostly false
pomt-06149,mostly true
pomt-06151,mostly false
pomt-06154,mostly false
pomt-06155,false
pomt-06159,mostly false
pomt-06160,mostly false
pomt-06161,mostly false
pomt-06165,mostly true
pomt-06171,false
pomt-06183,mostly false
pomt-06187,mostly false
pomt-06193,false
pomt-06196,false
pomt-06201,pants on fire!
pomt-06207,mostly false
pomt-06208,mostly true
pomt-06209,mostly false
pomt-06220,mostly false
pomt-06221,mostly false
pomt-06223,mostly true
pomt-06228,mostly false
pomt-06230,false
pomt-06232,mostly false
pomt-06234,mostly false
pomt-06237,mostly false
pomt-06238,mostly false
pomt-06241,mostly false
pomt-06254,mostly true
pomt-06259,mostly false
pomt-06263,mostly false
pomt-06276,false
pomt-06279,mostly false
pomt-06280,mostly false
pomt-06301,mostly true
pomt-06304,mostly false
pomt-06333,false
pomt-06339,false
pomt-06347,half-true
pomt-06348,mostly false
pomt-06356,mostly true
pomt-06360,false
pomt-06377,mostly false
pomt-06413,mostly true
pomt-06415,mostly false
pomt-06421,false
pomt-06430,mostly false
pomt-06431,mostly true
pomt-06442,mostly true
pomt-06444,mostly false
pomt-06447,mostly false
pomt-06452,half-true
pomt-06454,mostly false
pomt-06456,mostly false
pomt-06457,mostly true
pomt-06461,mostly false
pomt-06470,mostly false
pomt-06473,false
pomt-06478,mostly false
pomt-06483,false
pomt-06486,mostly true
pomt-06487,mostly false
pomt-06493,mostly false
pomt-06499,mostly false
pomt-06517,pants on fire!
pomt-06531,false
pomt-06540,mostly false
pomt-06541,mostly true
pomt-06543,mostly false
pomt-06545,mostly false
pomt-06546,mostly false
pomt-06551,mostly true
pomt-06559,mostly false
pomt-06562,false
pomt-06563,mostly true
pomt-06566,mostly false
pomt-06567,mostly false
pomt-06568,mostly true
pomt-06569,false
pomt-06580,false
pomt-06581,mostly false
pomt-06599,mostly true
pomt-06601,mostly false
pomt-06605,false
pomt-06612,mostly false
pomt-06618,mostly true
pomt-06619,mostly true
pomt-06625,mostly false
pomt-06629,false
pomt-06630,mostly false
pomt-06631,mostly false
pomt-06635,false
pomt-06647,mostly false
pomt-06650,mostly false
pomt-06651,mostly false
pomt-06654,mostly true
pomt-06656,false
pomt-06658,mostly false
pomt-06665,mostly true
pomt-06674,pants on fire!
pomt-06682,mostly false
pomt-06683,mostly false
pomt-06685,false
pomt-06690,mostly false
pomt-06694,mostly false
pomt-06707,mostly false
pomt-06711,mostly false
pomt-06716,mostly true
pomt-06720,mostly true
pomt-06722,mostly false
pomt-06730,mostly false
pomt-06742,false
pomt-06745,mostly false
pomt-06749,mostly false
pomt-06759,mostly false
pomt-06767,mostly false
pomt-06770,mostly false
pomt-06771,mostly false
pomt-06774,mostly false
pomt-06782,mostly false
pomt-06788,mostly false
pomt-06789,mostly false
pomt-06799,mostly true
pomt-06804,false
pomt-06807,mostly false
pomt-06809,mostly false
pomt-06810,mostly true
pomt-06812,mostly false
pomt-06822,mostly false
pomt-06828,mostly false
pomt-06829,mostly false
pomt-06831,mostly false
pomt-06837,false
pomt-06856,mostly false
pomt-06859,mostly false
pomt-06860,mostly false
pomt-06872,mostly true
pomt-06873,false
pomt-06874,mostly false
pomt-06882,mostly false
pomt-06884,mostly true
pomt-06897,mostly false
pomt-06902,mostly false
pomt-06913,mostly true
pomt-06914,mostly false
pomt-06916,mostly true
pomt-06920,mostly true
pomt-06922,mostly false
pomt-06923,false
pomt-06926,false
pomt-06927,false
pomt-06938,false
pomt-06940,mostly false
pomt-06945,mostly true
pomt-06947,mostly true
pomt-06948,mostly true
pomt-06955,mostly true
pomt-06969,mostly true
pomt-06970,mostly false
pomt-06973,mostly true
pomt-06977,mostly false
pomt-06980,false
pomt-06981,false
pomt-06999,mostly false
pomt-07004,mostly false
pomt-07005,mostly false
pomt-07008,mostly false
pomt-07014,mostly false
pomt-07020,mostly false
pomt-07026,pants on fire!
pomt-07028,mostly false
pomt-07029,mostly false
pomt-07031,mostly true
pomt-07053,mostly false
pomt-07067,mostly true
pomt-07069,mostly true
pomt-07072,mostly false
pomt-07073,mostly false
pomt-07078,mostly true
pomt-07084,mostly false
pomt-07095,mostly false
pomt-07096,mostly false
pomt-07105,false
pomt-07108,false
pomt-07112,mostly false
pomt-07120,mostly false
pomt-07121,mostly false
pomt-07129,mostly false
pomt-07139,mostly true
pomt-07146,mostly false
pomt-07150,mostly false
pomt-07156,mostly true
pomt-07159,mostly false
pomt-07164,mostly false
pomt-07167,mostly false
pomt-07181,mostly false
pomt-07182,mostly false
pomt-07187,mostly false
pomt-07189,mostly false
pomt-07195,mostly true
pomt-07204,mostly true
pomt-07213,mostly false
pomt-07217,mostly false
pomt-07222,mostly false
pomt-07223,mostly true
pomt-07230,mostly true
pomt-07234,mostly true
pomt-07236,false
pomt-07261,true
pomt-07267,false
pomt-07279,mostly true
pomt-07303,mostly false
pomt-07311,mostly true
pomt-07313,mostly false
pomt-07323,mostly false
pomt-07325,mostly true
pomt-07332,mostly false
pomt-07339,mostly false
pomt-07350,false
pomt-07357,mostly true
pomt-07359,false
pomt-07368,mostly false
pomt-07389,false
pomt-07390,mostly true
pomt-07393,mostly false
pomt-07402,mostly true
pomt-07413,false
pomt-07420,mostly true
pomt-07426,false
pomt-07427,mostly false
pomt-07433,mostly false
pomt-07436,false
pomt-07437,pants on fire!
pomt-07443,mostly false
pomt-07444,mostly true
pomt-07462,mostly false
pomt-07468,mostly false
pomt-07471,mostly true
pomt-07475,mostly false
pomt-07478,mostly false
pomt-07484,mostly false
pomt-07486,false
pomt-07491,mostly false
pomt-07502,false
pomt-07504,mostly false
pomt-07506,mostly false
pomt-07507,mostly false
pomt-07546,mostly false
pomt-07552,mostly false
pomt-07561,false
pomt-07563,false
pomt-07568,mostly false
pomt-07569,mostly false
pomt-07579,mostly false
pomt-07585,pants on fire!
pomt-07589,mostly false
pomt-07592,mostly false
pomt-07599,mostly false
pomt-07603,mostly false
pomt-07608,mostly false
pomt-07611,mostly true
pomt-07612,mostly false
pomt-07616,mostly false
pomt-07624,mostly false
pomt-07627,mostly false
pomt-07633,mostly false
pomt-07642,mostly false
pomt-07646,mostly false
pomt-07652,mostly true
pomt-07656,pants on fire!
pomt-07658,mostly true
pomt-07659,mostly false
pomt-07670,mostly true
pomt-07671,mostly false
pomt-07673,mostly false
pomt-07674,mostly false
pomt-07677,mostly false
pomt-07688,mostly true
pomt-07695,pants on fire!
pomt-07704,mostly false
pomt-07705,mostly false
pomt-07724,mostly false
pomt-07738,mostly false
pomt-07743,mostly false
pomt-07757,half-true
pomt-07770,mostly false
pomt-07778,mostly false
pomt-07786,false
pomt-07799,false
pomt-07800,false
pomt-07813,mostly false
pomt-07825,pants on fire!
pomt-07826,mostly true
pomt-07829,mostly false
pomt-07842,mostly false
pomt-07848,mostly false
pomt-07851,mostly false
pomt-07859,mostly false
pomt-07863,mostly false
pomt-07868,mostly false
pomt-07877,false
pomt-07878,mostly false
pomt-07881,mostly true
pomt-07883,mostly false
pomt-07888,mostly false
pomt-07889,mostly false
pomt-07890,mostly false
pomt-07892,false
pomt-07893,mostly false
pomt-07895,mostly true
pomt-07896,false
pomt-07900,mostly true
pomt-07906,mostly false
pomt-07909,mostly false
pomt-07916,mostly true
pomt-07923,mostly true
pomt-07939,mostly false
pomt-07942,mostly false
pomt-07943,false
pomt-07946,mostly false
pomt-07952,mostly true
pomt-07954,mostly false
pomt-07968,mostly true
pomt-07973,false
pomt-07977,mostly false
pomt-07981,mostly true
pomt-07987,mostly true
pomt-07993,mostly false
pomt-07999,mostly false
pomt-08005,mostly false
pomt-08008,mostly false
pomt-08021,mostly false
pomt-08024,mostly false
pomt-08025,false
pomt-08032,mostly false
pomt-08036,mostly false
pomt-08038,mostly false
pomt-08040,false
pomt-08046,mostly false
pomt-08053,mostly true
pomt-08056,mostly false
pomt-08057,mostly false
pomt-08059,mostly false
pomt-08063,mostly false
pomt-08064,mostly false
pomt-08070,mostly false
pomt-08086,mostly true
pomt-08102,false
pomt-08104,mostly false
pomt-08106,mostly false
pomt-08123,mostly true
pomt-08127,mostly false
pomt-08128,mostly false
pomt-08131,mostly false
pomt-08135,mostly true
pomt-08138,false
pomt-08153,false
pomt-08163,false
pomt-08164,mostly false
pomt-08165,mostly false
pomt-08171,mostly false
pomt-08172,false
pomt-08175,mostly false
pomt-08195,mostly false
pomt-08199,mostly true
pomt-08200,mostly false
pomt-08203,mostly false
pomt-08206,mostly false
pomt-08213,mostly true
pomt-08220,mostly true
pomt-08225,mostly false
pomt-08236,mostly true
pomt-08238,mostly false
pomt-08241,mostly false
pomt-08247,mostly true
pomt-08256,mostly false
pomt-08257,mostly false
pomt-08265,mostly false
pomt-08274,mostly false
pomt-08276,mostly false
pomt-08294,false
pomt-08297,mostly false
pomt-08300,false
pomt-08302,mostly true
pomt-08309,mostly false
pomt-08314,mostly true
pomt-08316,mostly true
pomt-08318,false
pomt-08321,false
pomt-08327,false
pomt-08334,mostly false
pomt-08339,mostly false
pomt-08341,mostly false
pomt-08345,mostly false
pomt-08351,mostly false
pomt-08353,false
pomt-08358,false
pomt-08361,mostly true
pomt-08375,mostly false
pomt-08377,mostly false
pomt-08380,pants on fire!
pomt-08381,false
pomt-08390,false
pomt-08391,mostly false
pomt-08396,false
pomt-08399,mostly false
pomt-08402,mostly false
pomt-08407,mostly false
pomt-08408,false
pomt-08411,mostly false
pomt-08412,mostly false
pomt-08416,mostly false
pomt-08421,false
pomt-08428,mostly false
pomt-08441,false
pomt-08443,mostly true
pomt-08446,mostly true
pomt-08451,mostly false
pomt-08455,mostly false
pomt-08461,false
pomt-08465,mostly false
pomt-08468,mostly false
pomt-08479,mostly false
pomt-08492,mostly false
pomt-08498,false
pomt-08499,false
pomt-08501,pants on fire!
pomt-08515,mostly false
pomt-08520,mostly false
pomt-08521,mostly true
pomt-08525,mostly false
pomt-08530,mostly false
pomt-08535,mostly true
pomt-08539,mostly false
pomt-08542,mostly false
pomt-08544,false
pomt-08554,mostly false
pomt-08560,mostly false
pomt-08572,mostly false
pomt-08574,mostly false
pomt-08587,false
pomt-08588,mostly true
pomt-08592,mostly true
pomt-08596,mostly true
pomt-08598,mostly false
pomt-08603,mostly true
pomt-08606,false
pomt-08609,mostly false
pomt-08614,mostly true
pomt-08616,mostly false
pomt-08622,false
pomt-08630,mostly false
pomt-08631,mostly false
pomt-08633,true
pomt-08642,mostly true
pomt-08651,mostly true
pomt-08652,mostly true
pomt-08654,mostly false
pomt-08661,mostly false
pomt-08662,mostly false
pomt-08667,mostly true
pomt-08689,mostly false
pomt-08690,mostly true
pomt-08693,false
pomt-08706,mostly false
pomt-08718,false
pomt-08725,false
pomt-08732,mostly false
pomt-08746,mostly true
pomt-08748,mostly false
pomt-08752,mostly true
pomt-08763,false
pomt-08775,false
pomt-08777,mostly false
pomt-08797,mostly false
pomt-08812,mostly false
pomt-08815,mostly false
pomt-08817,mostly false
pomt-08822,false
pomt-08824,mostly false
pomt-08829,mostly true
pomt-08831,mostly true
pomt-08835,mostly true
pomt-08840,mostly false
pomt-08844,mostly false
pomt-08851,mostly false
pomt-08858,mostly false
pomt-08860,false
pomt-08871,mostly false
pomt-08875,mostly false
pomt-08879,mostly false
pomt-08905,mostly false
pomt-08907,mostly true
pomt-08909,mostly false
pomt-08911,mostly false
pomt-08915,mostly false
pomt-08919,mostly true
pomt-08927,mostly false
pomt-08937,mostly false
pomt-08942,mostly false
pomt-08945,false
pomt-08947,mostly true
pomt-08958,mostly true
pomt-08964,false
pomt-08967,false
pomt-08972,mostly true
pomt-08984,mostly false
pomt-08994,mostly true
pomt-09003,pants on fire!
pomt-09014,mostly false
pomt-09028,mostly true
pomt-09037,mostly false
pomt-09040,mostly false
pomt-09045,mostly false
pomt-09046,mostly true
pomt-09047,mostly true
pomt-09057,mostly false
pomt-09059,pants on fire!
pomt-09066,mostly false
pomt-09076,mostly false
pomt-09084,pants on fire!
pomt-09086,false
pomt-09087,false
pomt-09108,mostly false
pomt-09119,pants on fire!
pomt-09123,mostly true
pomt-09133,mostly false
pomt-09135,mostly true
pomt-09137,mostly true
pomt-09142,mostly false
pomt-09162,mostly true
pomt-09163,mostly false
pomt-09166,false
pomt-09175,mostly false
pomt-09180,mostly false
pomt-09183,mostly false
pomt-09184,false
pomt-09185,mostly true
pomt-09187,false
pomt-09194,half-true
pomt-09215,false
pomt-09218,mostly false
pomt-09222,mostly true
pomt-09228,mostly true
pomt-09229,mostly false
pomt-09231,false
pomt-09236,mostly false
pomt-09237,mostly false
pomt-09240,pants on fire!
pomt-09245,mostly false
pomt-09249,mostly false
pomt-09250,mostly false
pomt-09264,false
pomt-09265,false
pomt-09268,false
pomt-09278,mostly false
pomt-09290,false
pomt-09296,mostly true
pomt-09299,false
pomt-09316,mostly false
pomt-09317,mostly true
pomt-09321,mostly false
pomt-09323,false
pomt-09330,mostly false
pomt-09334,mostly true
pomt-09337,mostly false
pomt-09344,mostly true
pomt-09347,mostly true
pomt-09348,false
pomt-09354,mostly true
pomt-09359,mostly false
pomt-09373,mostly false
pomt-09375,mostly false
pomt-09379,mostly false
pomt-09381,false
pomt-09382,true
pomt-09384,pants on fire!
pomt-09397,true
pomt-09411,mostly false
pomt-09415,mostly false
pomt-09416,mostly false
pomt-09421,mostly true
pomt-09425,mostly false
pomt-09430,false
pomt-09438,mostly true
pomt-09445,mostly false
pomt-09446,false
pomt-09459,mostly false
pomt-09461,mostly false
pomt-09467,mostly true
pomt-09471,mostly true
pomt-09472,false
pomt-09473,false
pomt-09475,mostly false
pomt-09487,mostly false
pomt-09489,mostly false
pomt-09494,false
pomt-09502,mostly false
pomt-09514,mostly true
pomt-09519,mostly false
pomt-09530,mostly true
pomt-09531,mostly true
pomt-09533,mostly false
pomt-09538,mostly false
pomt-09539,mostly true
pomt-09553,mostly false
pomt-09558,mostly false
pomt-09566,mostly false
pomt-09569,mostly false
pomt-09578,mostly true
pomt-09582,pants on fire!
pomt-09586,mostly false
pomt-09590,false
pomt-09605,mostly true
pomt-09611,mostly false
pomt-09615,mostly false
pomt-09621,mostly false
pomt-09626,mostly false
pomt-09647,mostly false
pomt-09652,mostly true
pomt-09656,mostly false
pomt-09670,mostly true
pomt-09677,mostly false
pomt-09682,false
pomt-09684,mostly false
pomt-09688,false
pomt-09690,mostly false
pomt-09700,mostly true
pomt-09701,mostly false
pomt-09703,pants on fire!
pomt-09723,mostly false
pomt-09725,mostly false
pomt-09729,mostly false
pomt-09731,mostly false
pomt-09735,mostly false
pomt-09739,mostly false
pomt-09744,mostly false
pomt-09762,mostly false
pomt-09770,mostly false
pomt-09777,mostly false
pomt-09790,false
pomt-09802,false
pomt-09803,false
pomt-09813,mostly false
pomt-09814,mostly false
pomt-09818,mostly false
pomt-09819,mostly true
pomt-09820,mostly false
pomt-09821,mostly true
pomt-09824,mostly true
pomt-09828,mostly true
pomt-09832,mostly false
pomt-09843,mostly true
pomt-09846,pants on fire!
pomt-09848,false
pomt-09850,mostly false
pomt-09855,mostly false
pomt-09856,mostly false
pomt-09860,mostly false
pomt-09867,mostly false
pomt-09874,mostly false
pomt-09879,mostly false
pomt-09890,mostly false
pomt-09895,false
pomt-09897,mostly false
pomt-09901,mostly false
pomt-09904,mostly false
pomt-09905,false
pomt-09908,mostly false
pomt-09909,mostly false
pomt-09930,mostly true
pomt-09932,pants on fire!
pomt-09933,false
pomt-09934,false
pomt-09941,false
pomt-09945,mostly true
pomt-09953,mostly true
pomt-09956,mostly false
pomt-09972,mostly true
pomt-09987,mostly true
pomt-09992,mostly true
pomt-09993,pants on fire!
pomt-09996,false
pomt-10005,mostly false
pomt-10008,false
pomt-10012,mostly false
pomt-10013,mostly false
pomt-10016,false
pomt-10019,mostly true
pomt-10021,mostly false
pomt-10025,mostly false
pomt-10029,mostly false
pomt-10031,mostly false
pomt-10055,mostly false
pomt-10061,mostly false
pomt-10062,mostly false
pomt-10071,mostly true
pomt-10075,pants on fire!
pomt-10091,mostly false
pomt-10096,false
pomt-10109,mostly false
pomt-10115,mostly true
pomt-10121,mostly false
pomt-10128,mostly false
pomt-10129,false
pomt-10134,false
pomt-10140,mostly false
pomt-10146,false
pomt-10149,mostly true
pomt-10153,mostly false
pomt-10154,mostly false
pomt-10161,mostly false
pomt-10166,mostly false
pomt-10175,mostly false
pomt-10178,false
pomt-10191,mostly false
pomt-10192,mostly false
pomt-10195,mostly false
pomt-10197,false
pomt-10205,mostly false
pomt-10211,false
pomt-10216,false
pomt-10219,mostly false
pomt-10225,mostly false
pomt-10229,mostly false
pomt-10239,false
pomt-10246,mostly false
pomt-10253,mostly false
pomt-10254,false
pomt-10265,false
pomt-10267,mostly true
pomt-10268,false
pomt-10271,mostly true
pomt-10281,mostly false
pomt-10284,false
pomt-10287,mostly false
pomt-10289,mostly true
pomt-10305,mostly false
pomt-10319,mostly true
pomt-10323,mostly false
pomt-10331,mostly false
pomt-10344,pants on fire!
pomt-10360,mostly false
pomt-10362,mostly true
pomt-10369,mostly false
pomt-10370,mostly false
pomt-10371,false
pomt-10372,mostly false
pomt-10375,mostly true
pomt-10376,mostly false
pomt-10387,mostly false
pomt-10390,mostly false
pomt-10391,mostly false
pomt-10398,mostly false
pomt-10405,half-true
pomt-10406,mostly true
pomt-10407,mostly false
pomt-10427,mostly true
pomt-10434,mostly false
pomt-10438,mostly false
pomt-10442,false
pomt-10447,mostly false
pomt-10462,false
pomt-10470,mostly false
pomt-10478,mostly false
pomt-10484,mostly false
pomt-10485,mostly true
pomt-10489,mostly false
pomt-10495,mostly false
pomt-10497,mostly false
pomt-10504,mostly false
pomt-10511,false
pomt-10512,false
pomt-10515,mostly false
pomt-10517,mostly false
pomt-10528,false
pomt-10529,mostly false
pomt-10535,mostly true
pomt-10544,mostly true
pomt-10551,mostly false
pomt-10554,mostly false
pomt-10558,false
pomt-10560,mostly true
pomt-10580,mostly true
pomt-10583,mostly false
pomt-10586,mostly false
pomt-10590,false
pomt-10594,mostly false
pomt-10596,mostly false
pomt-10608,mostly false
pomt-10613,mostly false
pomt-10618,mostly false
pomt-10619,mostly false
pomt-10628,mostly false
pomt-10634,mostly true
pomt-10649,mostly false
pomt-10658,mostly true
pomt-10659,mostly false
pomt-10660,mostly false
pomt-10662,mostly false
pomt-10680,mostly false
pomt-10683,half-true
pomt-10690,pants on fire!
pomt-10691,pants on fire!
pomt-10692,half-true
pomt-10702,false
pomt-10719,mostly true
pomt-10729,mostly true
pomt-10732,mostly false
pomt-10734,pants on fire!
pomt-10736,true
pomt-10741,false
pomt-10742,mostly false
pomt-10743,mostly false
pomt-10751,mostly false
pomt-10755,mostly false
pomt-10759,mostly false
pomt-10761,mostly false
pomt-10762,mostly false
pomt-10765,mostly false
pomt-10770,mostly true
pomt-10773,mostly false
pomt-10774,mostly false
pomt-10779,false
pomt-10787,false
pomt-10788,mostly false
pomt-10789,mostly true
pomt-10791,mostly false
pomt-10796,mostly false
pomt-10801,mostly false
pomt-10806,mostly false
pomt-10815,mostly true
pomt-10820,mostly false
pomt-10841,mostly false
pomt-10845,mostly false
pomt-10849,mostly false
pomt-10852,mostly false
pomt-10853,mostly false
pomt-10858,pants on fire!
pomt-10862,mostly false
pomt-10867,mostly false
pomt-10873,mostly false
pomt-10874,mostly false
pomt-10877,mostly true
pomt-10879,half-true
pomt-10880,mostly false
pomt-10881,mostly false
pomt-10884,mostly false
pomt-10885,false
pomt-10886,mostly false
pomt-10887,mostly true
pomt-10888,mostly false
pomt-10890,mostly false
pomt-10895,mostly false
pomt-10904,mostly false
pomt-10910,mostly false
pomt-10917,mostly false
pomt-10918,false
pomt-10919,mostly false
pomt-10932,mostly false
pomt-10936,mostly false
pomt-10937,mostly false
pomt-10943,mostly false
pomt-10945,mostly false
pomt-10950,true
pomt-10956,mostly true
pomt-10960,mostly true
pomt-10965,mostly false
pomt-10968,false
pomt-10970,mostly false
pomt-10972,mostly false
pomt-10974,mostly false
pomt-10981,mostly false
pomt-10986,false
pomt-11020,mostly false
pomt-11022,false
pomt-11029,true
pomt-11031,mostly true
pomt-11054,mostly true
pomt-11059,false
pomt-11078,mostly false
pomt-11086,mostly false
pomt-11089,mostly false
pomt-11095,false
pomt-11113,false
pomt-11117,mostly false
pomt-11120,mostly false
pomt-11122,mostly false
pomt-11130,mostly false
pomt-11142,mostly false
pomt-11145,false
pomt-11149,pants on fire!
pomt-11151,false
pomt-11153,mostly false
pomt-11162,mostly true
pomt-11174,mostly false
pomt-11177,mostly false
pomt-11179,mostly false
pomt-11180,mostly false
pomt-11185,mostly false
pomt-11209,half-true
pomt-11213,mostly false
pomt-11214,mostly false
pomt-11221,mostly false
pomt-11225,mostly false
pomt-11236,mostly true
pomt-11248,false
pomt-11259,mostly false
pomt-11286,mostly true
pomt-11288,mostly true
pomt-11313,mostly false
pomt-11314,pants on fire!
pomt-11319,mostly false
pomt-11330,mostly true
pomt-11342,mostly false
pomt-11359,mostly true
pomt-11366,mostly false
pomt-11369,mostly false
pomt-11382,mostly false
pomt-11384,mostly false
pomt-11385,pants on fire!
pomt-11400,mostly true
pomt-11408,mostly true
pomt-11412,mostly true
pomt-11425,pants on fire!
pomt-11431,mostly false
pomt-11433,mostly true
pomt-11438,mostly false
pomt-11440,mostly false
pomt-11444,false
pomt-11447,mostly false
pomt-11452,mostly false
pomt-11456,mostly true
pomt-11459,mostly false
pomt-11462,false
pomt-11464,mostly true
pomt-11466,pants on fire!
pomt-11469,mostly true
pomt-11478,mostly false
pomt-11482,pants on fire!
pomt-11494,mostly true
pomt-11499,mostly true
pomt-11500,mostly false
pomt-11525,false
pomt-11526,mostly false
pomt-11533,mostly false
pomt-11554,mostly false
pomt-11572,pants on fire!
pomt-11573,mostly false
pomt-11578,mostly false
pomt-11581,mostly false
pomt-11594,mostly true
pomt-11597,mostly true
pomt-11603,mostly false
pomt-11610,mostly true
pomt-11622,mostly false
pomt-11623,mostly true
pomt-11628,mostly true
pomt-11637,half-true
pomt-11643,mostly false
pomt-11644,mostly false
pomt-11648,mostly false
pomt-11659,mostly false
pomt-11660,false
pomt-11666,false
pomt-11679,mostly false
pomt-11689,mostly true
pomt-11698,true
pomt-11701,mostly false
pomt-11708,mostly false
pomt-11709,mostly false
pomt-11726,false
pomt-11727,false
pomt-11739,mostly false
pomt-11743,pants on fire!
pomt-11744,mostly false
pomt-11760,false
pomt-11765,mostly true
pomt-11766,mostly false
pomt-11774,mostly false
pomt-11786,false
pomt-11787,false
pomt-11803,mostly false
pomt-11810,mostly false
pomt-11815,mostly false
pomt-11822,mostly true
pomt-11832,mostly false
pomt-11838,true
pomt-11842,mostly false
pomt-11849,pants on fire!
pomt-11856,mostly true
pomt-11858,mostly false
pomt-11865,mostly false
pomt-11869,mostly false
pomt-11871,mostly false
pomt-11873,mostly false
pomt-11874,mostly false
pomt-11882,mostly false
pomt-11885,mostly false
pomt-11887,mostly false
pomt-11895,half-true
pomt-11899,mostly false
pomt-11903,mostly true
pomt-11904,mostly true
pomt-11913,false
pomt-11914,mostly false
pomt-11919,mostly true
pomt-11921,false
pomt-11924,mostly false
pomt-11928,mostly true
pomt-11930,mostly false
pomt-11931,mostly false
pomt-11945,mostly false
pomt-11949,false
pomt-11956,mostly false
pomt-11957,mostly false
pomt-11963,mostly false
pomt-11972,mostly false
pomt-11979,mostly false
pomt-11993,mostly false
pomt-11995,mostly false
pomt-11999,pants on fire!
pomt-12001,false
pomt-12002,mostly true
pomt-12003,false
pomt-12011,mostly false
pomt-12015,mostly false
pomt-12027,mostly true
pomt-12028,false
pomt-12045,mostly false
pomt-12046,mostly false
pomt-12054,mostly false
pomt-12059,mostly true
pomt-12083,mostly false
pomt-12085,mostly false
pomt-12096,mostly false
pomt-12098,mostly true
pomt-12101,mostly false
pomt-12108,mostly false
pomt-12125,pants on fire!
pomt-12126,pants on fire!
pomt-12128,mostly false
pomt-12134,false
pomt-12151,true
pomt-12157,false
pomt-12158,mostly false
pomt-12160,mostly true
pomt-12161,mostly false
pomt-12163,mostly false
pomt-12171,false
pomt-12174,pants on fire!
pomt-12177,mostly true
pomt-12184,mostly true
pomt-12199,false
pomt-12216,mostly false
pomt-12219,mostly true
pomt-12244,true
pomt-12247,mostly false
pomt-12249,mostly true
pomt-12257,mostly false
pomt-12266,false
pomt-12269,mostly true
pomt-12280,half-true
pomt-12289,mostly true
pomt-12294,false
pomt-12295,mostly true
pomt-12300,false
pomt-12316,mostly false
pomt-12322,false
pomt-12334,mostly false
pomt-12339,mostly false
pomt-12343,mostly true
pomt-12348,mostly false
pomt-12352,mostly false
pomt-12353,pants on fire!
pomt-12359,mostly false
pomt-12368,mostly false
pomt-12377,true
pomt-12380,mostly false
pomt-12389,half-true
pomt-12396,mostly false
pomt-12398,mostly false
pomt-12401,mostly false
pomt-12410,false
pomt-12411,mostly false
pomt-12415,mostly true
pomt-12416,false
pomt-12435,mostly true
pomt-12442,mostly true
pomt-12444,false
pomt-12446,mostly false
pomt-12462,mostly false
pomt-12463,mostly true
pomt-12466,mostly false
pomt-12467,mostly true
pomt-12468,false
pomt-12475,pants on fire!
pomt-12488,mostly false
pomt-12490,mostly true
pomt-12503,mostly false
pomt-12515,false
pomt-12522,mostly true
pomt-12524,mostly false
pomt-12530,mostly false
pomt-12531,mostly true
pomt-12534,mostly false
pomt-12535,mostly true
pomt-12546,mostly false
pomt-12547,pants on fire!
pomt-12551,mostly false
pomt-12552,mostly true
pomt-12556,mostly true
pomt-12569,mostly false
pomt-12574,mostly false
pomt-12581,mostly true
pomt-12583,mostly false
pomt-12585,mostly false
pomt-12588,mostly false
pomt-12595,mostly false
pomt-12597,false
pomt-12602,pants on fire!
pomt-12615,false
pomt-12619,mostly true
pomt-12627,mostly false
pomt-12631,mostly false
pomt-12636,mostly true
pomt-12650,mostly true
pomt-12668,mostly false
pomt-12669,mostly false
pomt-12670,mostly false
pomt-12676,mostly false
pomt-12685,false
pomt-12691,mostly false
pomt-12692,mostly false
pomt-12696,mostly false
pomt-12698,false
pomt-12699,mostly false
pomt-12701,mostly false
pomt-12703,false
pomt-12727,mostly false
pomt-12734,mostly false
pomt-12736,mostly true
pomt-12744,mostly false
pomt-12746,mostly true
pomt-12749,mostly false
pomt-12755,false
pomt-12765,mostly false
pomt-12775,mostly false
pomt-12779,pants on fire!
pomt-12786,mostly false
pomt-12787,mostly false
pomt-12788,mostly false
pomt-12789,mostly false
pomt-12801,false
pomt-12814,mostly false
pomt-12815,mostly true
pomt-12818,mostly false
pomt-12819,mostly true
pomt-12826,false
pomt-12859,mostly false
pomt-12861,mostly false
pomt-12873,false
pomt-12874,false
pomt-12883,mostly false
pomt-12887,mostly false
pomt-12897,mostly false
pomt-12898,false
pomt-12904,mostly false
pomt-12905,false
pomt-12907,mostly true
pomt-12909,mostly true
pomt-12910,mostly false
pomt-12914,mostly false
pomt-12923,pants on fire!
pomt-12927,mostly false
pomt-12938,mostly true
pomt-12941,mostly false
pomt-12944,mostly false
pomt-12945,mostly true
pomt-12956,mostly false
pomt-12959,mostly false
pomt-12961,mostly false
pomt-12966,mostly false
pomt-12967,half-true
pomt-12970,mostly false
pomt-12975,mostly false
pomt-12976,mostly false
pomt-12979,half-true
pomt-12988,mostly true
pomt-12995,mostly false
pomt-13000,mostly false
pomt-13012,mostly true
pomt-13014,mostly false
pomt-13024,mostly false
pomt-13031,mostly false
pomt-13035,false
pomt-13053,false
pomt-13058,mostly true
pomt-13059,mostly true
pomt-13066,mostly false
pomt-13075,mostly true
pomt-13082,mostly false
pomt-13093,pants on fire!
pomt-13098,mostly false
pomt-13102,mostly false
pomt-13111,mostly false
pomt-13113,half-true
pomt-13116,mostly false
pomt-13144,mostly false
pomt-13148,mostly false
pomt-13149,pants on fire!
pomt-13158,mostly false
pomt-13159,mostly true
pomt-13162,mostly false
pomt-13171,mostly false
pomt-13176,false
pomt-13178,mostly false
pomt-13179,false
pomt-13183,mostly true
pomt-13184,mostly false
pomt-13185,mostly false
pomt-13188,mostly false
pomt-13192,mostly false
pomt-13197,mostly true
pomt-13201,mostly false
pomt-13204,mostly false
pomt-13206,mostly true
pomt-13208,mostly false
pomt-13214,mostly false
pomt-13218,mostly false
pomt-13219,mostly false
pomt-13221,false
pomt-13224,false
pomt-13227,mostly true
pomt-13228,pants on fire!
pomt-13235,mostly false
pomt-13239,mostly false
pomt-13241,false
pomt-13245,mostly false
pomt-13247,mostly false
pomt-13250,mostly false
pomt-13259,mostly true
pomt-13277,true
pomt-13284,mostly false
pomt-13288,pants on fire!
pomt-13293,mostly false
pomt-13297,mostly false
pomt-13298,mostly false
pomt-13301,false
pomt-13307,mostly false
pomt-13316,false
pomt-13318,mostly false
pomt-13329,mostly false
pomt-13335,mostly false
pomt-13340,false
pomt-13344,mostly true
pomt-13359,pants on fire!
pomt-13366,false
pomt-13369,mostly false
pomt-13375,false
pomt-13378,mostly true
pomt-13382,false
pomt-13394,mostly false
pomt-13395,mostly true
pomt-13396,false
pomt-13403,mostly false
pomt-13404,mostly true
pomt-13405,mostly false
pomt-13413,mostly false
pomt-13414,false
pomt-13415,pants on fire!
pomt-13425,mostly false
pomt-13426,mostly false
pomt-13433,mostly true
pomt-13434,mostly false
pomt-13440,mostly false
pomt-13443,pants on fire!
pomt-13455,mostly false
pomt-13456,false
pomt-13457,pants on fire!
pomt-13462,pants on fire!
pomt-13465,false
pomt-13466,false
pomt-13467,mostly false
pomt-13469,mostly true
pomt-13489,mostly true
pomt-13494,false
pomt-13510,mostly false
pomt-13517,false
pomt-13521,false
pomt-13523,mostly false
pomt-13524,mostly false
pomt-13528,mostly false
pomt-13541,mostly false
pomt-13543,mostly false
pomt-13546,mostly false
pomt-13552,mostly false
pomt-13576,false
pomt-13577,mostly false
pomt-13592,mostly true
pomt-13597,mostly false
pomt-13601,mostly false
pomt-13610,false
pomt-13619,pants on fire!
pomt-13629,mostly false
pomt-13630,mostly true
pomt-13635,mostly false
pomt-13637,mostly false
pomt-13655,mostly true
pomt-13662,mostly false
pomt-13671,pants on fire!
pomt-13686,mostly false
pomt-13693,mostly false
pomt-13706,mostly false
pomt-13707,mostly false
pomt-13709,mostly true
pomt-13712,pants on fire!
pomt-13715,mostly true
pomt-13729,mostly false
pomt-13733,false
pomt-13739,false
pomt-13748,mostly false
pomt-13750,mostly false
pomt-13753,mostly false
pomt-13755,mostly false
pomt-13758,mostly false
pomt-13764,false
pomt-13766,mostly false
pomt-13771,false
pomt-13782,mostly false
pomt-13786,false
pomt-13790,false
pomt-13797,false
pomt-13798,mostly false
pomt-13800,mostly false
pomt-13805,mostly false
pomt-13815,mostly false
pomt-13822,mostly false
pomt-13833,mostly false
pomt-13847,pants on fire!
pomt-13850,mostly true
pomt-13854,mostly false
pomt-13859,mostly false
pomt-13866,mostly false
pomt-13874,mostly false
pomt-13879,mostly false
pomt-13880,mostly false
pomt-13885,mostly false
pomt-13893,mostly false
pomt-13895,mostly false
pomt-13898,mostly false
pomt-13899,false
pomt-13904,mostly true
pomt-13907,mostly false
pomt-13908,mostly false
pomt-13909,mostly false
pomt-13911,mostly false
pomt-13918,mostly false
pomt-13929,mostly false
pomt-13930,false
pomt-13942,false
pomt-13952,mostly false
pomt-13954,true
pomt-13957,false
pomt-13980,half-true
pomt-13992,false
pomt-13994,mostly false
pomt-13995,mostly false
pomt-13999,mostly false
pomt-14012,mostly false
pomt-14018,mostly true
pomt-14021,mostly false
pomt-14028,false
pomt-14029,mostly false
pomt-14032,mostly true
pomt-14036,mostly false
pomt-14039,mostly false
pomt-14043,mostly false
pomt-14044,false
pomt-14045,mostly true
pomt-14047,mostly false
pomt-14058,mostly false
pomt-14061,mostly true
pomt-14069,mostly false
pomt-14071,mostly false
pomt-14073,mostly false
pomt-14077,mostly false
pomt-14078,false
pomt-14080,pants on fire!
pomt-14081,mostly true
pomt-14083,mostly false
pomt-14088,mostly true
pomt-14090,mostly true
pomt-14098,mostly false
pomt-14113,false
pomt-14118,mostly false
pomt-14130,mostly false
pomt-14134,mostly false
pomt-14137,mostly false
pomt-14142,pants on fire!
pomt-14151,mostly false
pomt-14152,false
pomt-14157,true
pomt-14158,mostly false
pomt-14163,mostly false
pomt-14168,mostly false
pomt-14169,mostly true
pomt-14172,false
pomt-14177,mostly false
pomt-14178,mostly false
pomt-14185,mostly true
pomt-14186,mostly true
pomt-14187,false
pomt-14189,mostly false
pomt-14190,mostly false
pomt-14193,pants on fire!
pomt-14195,mostly false
pomt-14201,mostly false
pomt-14222,mostly false
pomt-14223,mostly false
pomt-14226,mostly false
pomt-14228,mostly false
pomt-14236,mostly true
pomt-14240,pants on fire!
pomt-14254,mostly false
pomt-14259,mostly false
pomt-14267,mostly false
pomt-14268,mostly false
pomt-14269,mostly false
pomt-14276,mostly true
pomt-14278,pants on fire!
pomt-14297,mostly false
pomt-14298,mostly true
pomt-14307,false
pomt-14318,false
pomt-14319,mostly false
pomt-14322,mostly false
pomt-14323,pants on fire!
pomt-14324,mostly true
pomt-14326,mostly true
pomt-14337,mostly false
pomt-14339,true
pomt-14346,mostly false
pomt-14349,mostly false
pomt-14354,mostly false
pomt-14357,pants on fire!
pomt-14362,mostly false
pomt-14366,mostly true
pomt-14369,mostly false
pomt-14371,false
pomt-14375,mostly true
pomt-14377,mostly false
pomt-14385,false
pomt-14386,false
pomt-14389,mostly true
pomt-14390,false
pomt-14396,mostly true
pomt-14400,mostly false
pomt-14402,false
pomt-14403,mostly false
pomt-14404,mostly true
pomt-14413,mostly false
pomt-14417,mostly true
pomt-14426,false
pomt-14443,mostly false
pomt-14450,mostly true
pomt-14459,mostly false
pomt-14469,pants on fire!
pomt-14470,mostly true
pomt-14476,pants on fire!
pomt-14477,mostly false
pomt-14488,mostly true
pomt-14491,mostly false
pomt-14494,false
pomt-14497,mostly false
pomt-14505,mostly false
pomt-14511,false
pomt-14516,mostly false
pomt-14519,mostly false
pomt-14522,false
pomt-14524,half-true
pomt-14526,mostly false
pomt-14527,true
pomt-14530,false
pomt-14535,mostly false
pomt-14544,mostly true
pomt-14550,pants on fire!
pomt-14555,mostly false
pomt-14556,mostly false
pomt-14557,mostly true
pomt-14565,mostly true
pomt-14566,mostly false
pomt-14568,mostly false
pomt-14572,mostly false
pomt-14583,false
pomt-14588,mostly false
pomt-14604,mostly false
pomt-14607,mostly false
pomt-14618,mostly true
pomt-14620,mostly false
pomt-14624,false
pomt-14641,false
pomt-14647,mostly true
pomt-14660,mostly true
pomt-14671,false
pomt-14674,false
pomt-14675,mostly false
pomt-14676,false
pomt-14677,mostly false
pomt-14680,mostly true
pomt-14687,mostly false
pomt-14694,true
pomt-14697,mostly false
pomt-14706,false
pomt-14709,pants on fire!
pomt-14715,false
pomt-14724,mostly false
pomt-14726,false
pomt-14737,mostly false
pomt-14740,mostly false
pomt-14747,false
pomt-14749,pants on fire!
pomt-14757,false
pomt-14762,mostly false
pomt-14777,mostly false
pomt-14785,mostly false
pomt-14793,mostly true
pomt-14797,mostly false
pomt-14814,pants on fire!
pomt-14816,mostly false
pomt-14825,mostly true
pomt-14830,mostly false
pomt-14839,mostly true
pomt-14842,mostly false
pomt-14846,mostly false
pomt-14858,pants on fire!
pomt-14861,mostly true
pomt-14862,false
pomt-14864,mostly false
pomt-14871,mostly false
pomt-14878,mostly true
pomt-14882,false
pomt-14885,mostly false
pomt-14886,pants on fire!
pomt-14888,mostly false
pomt-14890,mostly false
pomt-14900,false
pomt-14907,false
pomt-14922,false
pomt-14930,pants on fire!
pomt-14936,mostly true
pomt-14942,mostly false
pomt-14950,mostly false
pomt-14969,mostly false
pomt-14976,mostly false
pomt-14981,mostly true
pomt-15003,mostly true
pomt-15009,mostly false
pomt-15011,false
pomt-15015,mostly true
pomt-15018,mostly true
pomt-15027,false
pomt-15030,mostly false
pomt-15034,mostly false
pomt-15036,mostly true
pomt-15049,mostly false
pomt-15051,mostly true
pomt-15053,mostly false
pomt-15056,false
pomt-15059,false
pomt-15072,mostly false
pomt-15074,mostly true
pomt-15075,mostly false
pomt-15093,mostly false
pomt-15095,pants on fire!
pomt-15097,mostly false
pomt-15107,mostly false
pomt-15110,true
pomt-15114,mostly false
pomt-15118,mostly true
pomt-15127,mostly false
pomt-15132,mostly false
pomt-15147,mostly false
pomt-15155,mostly false
pomt-15162,mostly false
pomt-15164,mostly true
pomt-15173,mostly false
pomt-15178,mostly false
pomt-15191,mostly false
pomt-15203,false
pomt-15210,half-true
pomt-15218,false
pomt-15220,mostly false
pomt-15227,mostly false
pomt-15230,false
pomt-15234,false
pomt-15238,true
pomt-15241,mostly false
pomt-15242,mostly true
pomt-15247,mostly true
pomt-15252,mostly false
pomt-15259,mostly false
pomt-15260,pants on fire!
pomt-15264,false
pomt-15266,mostly false
pomt-15274,mostly false
pomt-15285,false
pomt-15288,mostly true
pomt-15289,mostly false
pomt-15290,mostly false
pomt-15293,mostly false
pomt-15297,mostly true
pomt-15298,mostly false
pomt-15302,mostly false
pomt-15304,mostly false
pomt-15305,mostly false
pomt-15306,false
pomt-15324,mostly false
pomt-15327,mostly false
pomt-15340,mostly false
pomt-15342,mostly false
pomt-15344,mostly false
pomt-15347,mostly false
pomt-15349,mostly false
pomt-15368,mostly true
pomt-15370,mostly false
pomt-15372,half-true
pomt-15387,mostly false
